id,data,consulta,objetivo
Q01,2026-08-08,"Brasil produtor irrigação pivô relato rotina monitoramento deslocamento falha bomba irrigação remota produtor entrevista",Relatos brasileiros
Q02,2026-08-08,"site:linkedin.com/posts irrigação pivô produtor monitoramento falha Brasil",Posts sociais brasileiros
Q03,2026-08-08,"site:youtube.com produtor irrigação pivô decisão quando irrigar entrevista Brasil",Entrevistas em vídeo
Q04,2026-08-08,"site:reddit.com/r/empreendedorismo agro irrigação chuva distância fazenda automação produtor",Relatos anônimos brasileiros
Q05,2026-08-08,"site:talk.newagtalk.com irrigation scheduling soil moisture probes farmer pivot cost",Relatos de produtores internacionais
Q06,2026-08-08,"site:reddit.com/r/farming irrigation pivot breakdown monitoring farmer",Falhas e monitoramento
Q07,2026-08-08,"site:reddit.com/r/farming soil moisture sensor irrigation scheduling farmer experience",Uso e rejeição de sensores
Q08,2026-08-08,"farmer interview irrigation remote monitoring pivot failure labor time case study",Casos identificados
Q09,2026-08-08,"Brazil irrigators interviews irrigation scheduling farmers decision making study field survey",Estudos brasileiros
Q10,2026-08-08,"produtores irrigantes entrevista manejo irrigação decisão experiência Brasil pesquisa qualitativa",Estudos qualitativos brasileiros
Q11,2026-08-08,"site:scielo.br irrigação produtores percepção manejo entrevistas irrigantes",Artigos acadêmicos brasileiros
Q12,2026-08-08,"decidir quando irrigar produtor relata Brasil",Linguagem usada por produtores
Q13,2026-08-08,"manejo da irrigação produtor entrevista pivô",Rotina e decisão
Q14,2026-08-08,"site:embrapa.br manejo irrigação quando quanto irrigar monitorar umidade evapotranspiração operação equipamento",Fluxo técnico oficial
Q15,2026-08-08,"farm irrigation manager daily responsibilities pivot operator scheduling monitoring interview",Separação de papéis
Q16,2026-08-08,"Brasil gerente irrigação rotina operador pivô tomada decisão fazenda entrevista",Papéis em operações brasileiras
