id,regiao,tipo,voz,fonte,ano,qualidade,url,uso
BR01,Brasil,relato identificado em reportagem promocional,"Cristian Braun; Arthur Tondato; Luiz Renato Barros Correia",O Presente Rural com Valley,2026,D,https://opresenterural.com.br/irrigacao-remota-reduz-deslocamentos-e-muda-rotina-operacional-no-campo/,Rotina remota; falhas; deslocamento; tarifa
BR02,Brasil,relato anônimo em fórum,ovrlrd1377,Reddit r/empreendedorismo,2026,E,https://www.reddit.com/r/empreendedorismo/comments/1u19kya/algu%C3%A9m_da_%C3%A1rea_do_agro_ou_qualquer_outro/,Chuva localizada; medição; durabilidade; interesse de compra
BR03,Brasil,relato anônimo em fórum,ovrlrd1377,Reddit r/empreendedorismo,2026,E,https://www.reddit.com/r/empreendedorismo/comments/1s5506a/montei_um_software_pro_agro_e_o_maior_desafio_%C3%A9/,Contraprova; agrônomo e operador já fecham parte do fluxo
BR04,Brasil,relato identificado em publicação setorial,Leandro Sato,Revista ITEM/ABID,2018,C,https://qa.abid.org.br/Recursos/Arquivos/item_116_117.pdf,Decisão diária área por área; experiência acumulada
BR05,Brasil,relato identificado em caso de extensão,Geraldo Gon e família,Incaper via Página Rural,2016,C,https://www.paginarural.com.br/noticia/225198/irrigametro-ajuda-a-garantir-o-uso-adequado-da-agua-em-colatina,Rotina anterior; leitura diária; caso individual de redução de acionamentos
BR06,Brasil,orientação técnica oficial,Luís Henrique Bassoi,Embrapa,2023,B,https://www.embrapa.br/busca-de-noticias/-/noticia/79248368/instrumentacao-para-monitorar-a-agua-no-solo-e-na-planta,Definição técnica de manejo e combinação de critérios
BR07,Brasil,estudo de campo,"18 irrigantes no Baixo Acaraú",Irriga/UNESP,2011,B,https://revistas.fca.unesp.br/index.php/irriga/article/view/288,Influência de experiência; assistência; baixo desempenho observado
BR08,Brasil,pesquisa de campo,"28 produtores de Presidente Prudente",Fórum Ambiental da Alta Paulista,2012,B,https://publicacoes.amigosdanatureza.org.br/index.php/forum_ambiental/article/view/333,Controle de informações; energia; manutenção; peças
BR09,Brasil,relato identificado em reportagem,Simon Veldt,A Granja,2020,C,https://www.feis.unesp.br/Home/departamentos/fitossanidadeengenhariaruralesolos715/irrigacao5868/reportagem-de-capa-a-granja-abril-2020.pdf,Operação de 27 pivôs; monitoramento; decisão
BR10,Brasil,material de fornecedor com pessoas identificadas,"Regis Ceolin; Marcelo Andrade",Pivot Point/Valley,2021,D,https://webassetsprod.valmont.com/valmontproduction/docs/librariesprovider137/pivotpoint-magazine/pivot-point-21%C2%AA-ed---setembro-2021.pdf,Separação entre proprietário e gerente de irrigação
IN01,Exterior,estudo qualitativo,"10 agricultores da Geórgia",Whitney Allyson Stone/University of Georgia,2019,B,https://getd.libs.uga.edu/pdfs/stone_whitney_a_201905_maee.pdf,Decisão vivida; estresse; conectividade; experiência; tecnologia
IN02,Exterior,relato identificado em reportagem,"Scott; Clark e Kerry McPheeters",Agriculture.com,2019,C,https://www.agriculture.com/technology/crop-management/technology-subs-for-labor,Rotina; telemetria; janela perdida; custo
IN03,Exterior,extensão com caso de campo,Produtor de algodão não identificado,Alabama Cooperative Extension,2021,B,https://www.aces.edu/blog/topics/crop-production/operation-maintenance-problems-of-center-pivot-irrigation/,Comando não prova aplicação; erro não detectado
IN04,Exterior,relato anônimo em fórum,krezik199,Reddit r/farming,2021,E,https://www.reddit.com/r/farming/comments/lc5bor/for_those_who_use_pivot_irrigation_do_any_of_you/,Rejeição de VRI; trabalho com prescrições; preferência por controle remoto
IN05,Exterior,relato anônimo em fórum,Bubbaman78,Reddit r/farming,2025,E,https://www.reddit.com/r/farming/comments/1j0zx9h/irrigators_anybody_use_redirainintelirain/,Sensor pontual; previsão; necessidade de antecipação
IN06,Exterior,caso oficial identificado,Clay e Lewis Price,USDA NRCS,2020,B,https://www.nrcs.usda.gov/state-offices/north-dakota/nrcs-helps-family-save-water-soil-and-labor-with-new-irrigation-system,Trabalho físico; escassez de mão de obra; controle remoto; inspeção ainda necessária
IN07,Exterior,guia técnico com relatos de produtores,Produtores de Nebraska Colorado e Kansas,Ogallala Water CAP,2020,B,https://www.ogallalawater.org/costs-benefits-and-limitations-of-irrigation-management-technologies/,Benefícios e limites de sensores telemetria e agendamento
