id,tema,titulo,plataforma,regiao,voz_principal,url
S01,irrigacao,Atlas Irrigação,ANA,Brasil,Instituição pública,https://www.ana.gov.br/atlasirrigacao/
S02,irrigacao,Manejo da irrigação de milho,Embrapa,Brasil,Equipe técnica,https://www.embrapa.br/web/agencia-de-informacao-tecnologica/cultivos/milho/producao/irrigacao/manejo
S03,irrigacao,Soil Moisture Sensors in Agriculture,Reddit,Internacional,Participantes anônimos,https://www.reddit.com/r/Agriculture/comments/w9kgzl/soil_moisture_sensors_in_agriculture/
S04,irrigacao,I tried to reach out to farmers with agricultural IoT,Reddit,Internacional,Participantes anônimos,https://www.reddit.com/r/Agriculture/comments/1j2l1ki/i_tried_to_reach_out_to_farmers_to_make_and_share/
S05,irrigacao,Software agro e acesso ao produtor brasileiro,Reddit Brasil,Brasil,Produtor e agrônomos anônimos,https://www.reddit.com/r/empreendedorismo/comments/1s5506a/montei_um_software_pro_agro_e_o_maior_desafio_%C3%A9/
S06,irrigacao,Corn: How much water per stand,Reddit,Internacional,Participantes anônimos,https://www.reddit.com/r/Agriculture/comments/17yhn0f/corn_how_much_water_per_stand/
S07,irrigacao,What Would You Do If You Knew These Soil and Crop Details,Reddit,Estados Unidos provável,Produtores anônimos,https://www.reddit.com/r/farming/comments/17e64de/what_would_you_do_if_you_knew_these_soil_and_crop/
S08,irrigacao,Most frustrating AgTech problem,Reddit,Internacional,Usuários anônimos de AgTech,https://www.reddit.com/r/Agriculture/comments/1mp610q/farmers_agtech_users_whats_the_most_frustrating/
S09,irrigacao,How do I know when to irrigate,Reddit,Estados Unidos provável,Autor anônimo fora do ICP,https://www.reddit.com/r/Irrigation/comments/1tq9qkl/how_do_i_know_when_to_irrigate/
S10,irrigacao,Irrigation sprinklers,Reddit,Estados Unidos provável,Produtor anônimo,https://www.reddit.com/r/farming/comments/p6lklx/irrigation_sprinklers/
S11,irrigacao,Best time-saving tools,Reddit,Estados Unidos provável,Produtores anônimos,https://www.reddit.com/r/farming/comments/qf86c7/best_timesaving_tools/
S12,irrigacao,Misconceptions about farming,Reddit,Estados Unidos provável,Produtores anônimos,https://www.reddit.com/r/farming/comments/15pu2ls/misconceptions_about_farming/
S13,irrigacao,Irrigação remota reduz deslocamentos,O Presente Rural,Brasil,Cristian Braun; Arthur Tondato; Luiz Renato Barros Correia,https://opresenterural.com.br/irrigacao-remota-reduz-deslocamentos-e-muda-rotina-operacional-no-campo/
S14,irrigacao,Usina da Mata e irrigação inteligente,LinkedIn via CanaOnline,Brasil,José Carlos Contiero,https://pt.linkedin.com/posts/canaonline_irriga%C3%A7%C3%A3o-cana-activity-7440884671489515520-wbdj
S15,irrigacao,Você está irrigando demais ou de menos,LinkedIn,Brasil,SM Tecnologia Consultoria e Treinamento,https://pt.linkedin.com/posts/sm-tecnologia-consultoria-e-treinamento_irriga%C3%A7%C3%A3o-agriculturairrigada-gest%C3%A3oh%C3%ADdrica-activity-7431682116050063362-XBP8
S16,irrigacao,Eficiência hídrica no algodão,LinkedIn,Brasil,Evaldo Kazushi Takizawa,https://pt.linkedin.com/posts/evaldo-takizawa_irriga%C3%A7%C3%A3o-sustentabilidade-agriculturairrigada-activity-7480638193240006656-K9jL
S17,irrigacao,Technology Subs for Labor,Agriculture.com,Estados Unidos,Scott; Clark e Kerry McPheeters,https://www.agriculture.com/technology/crop-management/technology-subs-for-labor
S18,irrigacao,Irrigation Autonomous Pivots,Agriculture.com,Estados Unidos,Wes Boorman; Greg Juul; Mark Gross e fornecedores,https://www.agriculture.com/technology/robotics/irrigation-autonomous-pivots
S19,irrigacao,Pivô central de irrigação em funcionamento,Reddit Brasil,Brasil,Público geral anônimo,https://www.reddit.com/r/brasil/comments/yznzd2/piv%C3%B4_central_de_irriga%C3%A7%C3%A3o_em_funcionamento_para/
S20,irrigacao,Gasto diário de água pelo agronegócio,Reddit Brasil,Brasil,Participante rural anônimo,https://www.reddit.com/r/brasil/comments/14oaef5/qual_%C3%A9_aproximadamente_o_gasto_di%C3%A1rio_de_%C3%A1gua/
S21,irrigacao,AI and agritech advice for Indian farms,Reddit,Índia,Produtores anônimos,https://www.reddit.com/r/OptimistsUnite/comments/1ixcqwe/ai_is_driving_indias_next_agricultural_revolution/
S22,irrigacao,Irrigation remote control and multiple panels,Agriculture.com,Estados Unidos,Produtor em reportagem,https://www.agriculture.com/news/technology/valley-iconx-makes-pivot-conversion-less-complicated-more-affordable
S23,irrigacao,Last of the Carrots going in,Reddit,Estados Unidos provável,Produtor comercial anônimo,https://www.reddit.com/r/farming/comments/utlnxs/last_of_the_carrots_going_in/
S24,irrigacao,Question about problems in farm sector,Reddit,Índia provável,Pequeno produtor anônimo,https://www.reddit.com/r/AgriTech/comments/1s04t9f/question_about_problems_in_farmagro_sector/
S25,irrigacao,Monitoramento diário da Irriga Global,LinkedIn,Brasil,Irriga Global,https://pt.linkedin.com/posts/irrigaglobal_irrigaglobal-colaborador-irriga%C3%A7%C3%A3o-activity-7399104590614433792-gtj9
S26,irrigacao,Fruticultura irrigada e excesso de umidade,LinkedIn,Brasil,Rannilson Oliveira,https://pt.linkedin.com/posts/rannilson-oliveira-87b377293_a-fruticultura-irrigada-no-vale-do-s%C3%A3o-francisco-activity-7435155986031464448--0ez
S27,irrigacao,Automação e IA no agro: chuva e distância,Reddit Brasil,Brasil,Participante de fazenda anônimo,https://www.reddit.com/r/empreendedorismo/comments/1u19kya/algu%C3%A9m_da_%C3%A1rea_do_agro_ou_qualquer_outro/
S28,irrigacao,Manejo racional da irrigação,MIDR,Brasil,Instituição pública,https://www.gov.br/mdr/pt-br/noticias/manejo-racional-da-irrigacao-maximiza-producao-e-reduz-custos
S29,irrigacao,Manejo de irrigação de baixo custo,Embrapa,Brasil,Equipe técnica,https://www.embrapa.br/busca-de-publicacoes/-/publicacao/971173/manejo-de-irrigacao-de-baixo-custo-para-a-agricultura-familiar
S30,irrigacao,Soil moisture probes,NewAgTalk,Canadá e Estados Unidos provável,willvr e produtores pseudônimos,https://talk.newagtalk.com/forums/thread-view.asp?mid=10799144&tid=1165565
S31,irrigacao,Irrigation scheduling,NewAgTalk,Estados Unidos,Produtores pseudônimos,https://talk.newagtalk.com/forums/thread-view.asp?mid=10991674&tid=1182284
S32,irrigacao,Soil moisture probes and towable pivots,NewAgTalk,Estados Unidos,Produtores pseudônimos,https://talk.newagtalk.com/forums/thread-view.asp?mid=8856813&tid=982978
S33,irrigacao,Moisture sensors for irrigation timing,NewAgTalk,Estados Unidos,Wingman1963 e produtores pseudônimos,https://talk.newagtalk.com/forums/thread-view.asp?mid=9714244&tid=1065137
S34,irrigacao,Irrigation timing and system capacity,NewAgTalk,Estados Unidos e Canadá,MD GenX; Rockhead; Veggrwr73 e outros,https://talk.newagtalk.com/forums/thread-view.asp?DisplayType=flat&setCookie=1&tid=793640
S35,irrigacao,Soil moisture sensing,NewAgTalk,Estados Unidos,Produtores pseudônimos,https://talk.newagtalk.com/forums/thread-view.asp?DisplayType=flat&setCookie=1&tid=464982
S36,irrigacao,Improving irrigation scheduling and soil moisture monitoring,NSW Government,Austrália,The Patch Organics; Luigi e Nidya,https://www.nsw.gov.au/departments-and-agencies/local-land-services/case-study-library/improving-irrigation-scheduling-and-soil-moisture-monitoring
S37,irrigacao,Using soil moisture information to schedule irrigations,ExtensionAus,Austrália,Rob O'Connor e produtores anônimos,https://extensionaus.com.au/irrigatingag/using-soil-moisture-information-to-schedule-irrigations/
S38,irrigacao,Choosing the right soil moisture monitoring device,Agriculture Victoria,Austrália,Equipe de extensão,https://agriculture.vic.gov.au/farm-management/soil/choosing-the-right-soil-moisture-monitoring-device
S39,irrigacao,Review of soil moisture sensing for irrigation,Water MDPI,Austrália,Autores acadêmicos,https://www.mdpi.com/2073-4441/10/12/1771
S40,irrigacao,Irrigation input and soil moisture in viticulture,Reddit,Austrália,Viticultor anônimo,https://www.reddit.com/r/viticulture/comments/1uyb75m/irrigation_input_liters_per_vine_soil_moisture/
S41,irrigacao,Got the new soil sensors installed,Reddit,Estados Unidos provável,Produtor anônimo,https://www.reddit.com/r/farming/comments/eon56r
S42,irrigacao,Automated irrigation on small farm,Reddit,Estados Unidos provável,Pequeno produtor anônimo,https://www.reddit.com/r/farming/comments/pejmi1
S43,irrigacao,VRI worthwhile and reliable,Reddit,Estados Unidos provável,Produtores e pesquisador anônimos,https://www.reddit.com/r/farming/comments/lc5bor
S44,irrigacao,Sophisticated technology in farming,Reddit,Internacional,Produtores anônimos,https://www.reddit.com/r/farming/comments/yii6hj
F01,fertirrigacao,Manejo da fertirrigação em manga,Embrapa,Brasil,José Maria Pinto; Luís Henrique Bassoi; José Monteiro Soares,https://www.embrapa.br/web/agencia-de-informacao-tecnologica/cultivos/manga/producao/irrigacao/fertirrigacao
F02,fertirrigacao,Fertirrigação em tomate de mesa,Embrapa,Brasil,Equipe técnica,https://www.embrapa.br/en/web/hortalicas/tomate-de-mesa/fertirrigacao
F03,fertirrigacao,Correção da acidez do solo,Embrapa,Brasil,Equipe técnica,https://www.embrapa.br/en/web/agencia-de-informacao-tecnologica/cultivos/arroz/producao/sistema-de-cultivo/arroz-de-terras-altas/correcao-do-solo-e-adubacao/correcao-da-acidez-do-solo
F04,fertirrigacao,Agricultura irrigada em ambientes salinos,Codevasf,Brasil,Autores técnicos,https://www.gov.br/codevasf/pt-br/centrais-de-conteudo/publicacoes/outras-publicacoes/agricultura-irrigada-em-ambientes-salinos.pdf/%40%40display-file/file
F05,fertirrigacao,Manual de métodos para fertilizantes,MAPA,Brasil,Equipe técnica,https://wikisda.agricultura.gov.br/pt-br/Laborat%C3%B3rios/Metodologia/Fertilizantes/ManualFICVolII
F06,fertirrigacao,Fertirrigação em culturas perenes e hortaliças,Revista Cultivar,Brasil,Especialista entrevistado,https://revistacultivar.com.br/artigos/fertirrigacao-uma-tecnica-com-boas-vantagens-para-a-lavoura-e-o-produtor
F07,fertirrigacao,Fertipet e equipamento acessível,UFGD,Brasil,Inventor e equipe UFGD,https://portal.ufgd.edu.br/noticias/fertipet-e-a-primeira-inovacao-criada-e-patenteada-por-meio-da-ufgd
F08,fertirrigacao,Manejo nutricional via fertirrigação,LinkedIn,Brasil,Eduardo Saldanha,https://pt.linkedin.com/posts/eduardo-saldanha-17923071_manejo-nutricional-via-fertirriga%C3%A7%C3%A3o-activity-7453136979409457152-jZ2P
F09,fertirrigacao,Medição rápida de íons,LinkedIn,Brasil,Labmatrix,https://pt.linkedin.com/posts/labmatrix_agriculturadeprecis%C3%A3o-agroneg%C3%B3cio-nutri%C3%A7%C3%A3odeplantas-activity-7467362847048679424-MiCO
F10,fertirrigacao,Uso de EC e pH em cultivo,Reddit Brasil,Brasil,Cultivador não comercial anônimo,https://www.reddit.com/r/Cultivonha/comments/1pf6o0d/usar_par%C3%A2metros_de_ec_e_ph_no_cultivo_organico/
F11,fertirrigacao,Liquid fertilizer in large-scale operations,Reddit,Estados Unidos e outros,Produtores anônimos,https://www.reddit.com/r/farming/comments/18nmxx1
F12,fertirrigacao,Fertigation and center pivots,NewAgTalk,Estados Unidos,Produtores pseudônimos,https://talk.newagtalk.com/forums/thread-view.asp?mid=793637&tid=112017
F13,fertirrigacao,No-till drip cotton and fertilizer,NewAgTalk,Estados Unidos,Produtores pseudônimos,https://talk.newagtalk.com/forums/thread-view.asp?mid=10974897&tid=1181067
F14,fertirrigacao,Fertilizer injection system and family labor,Reddit,Internacional,Família produtora anônima,https://www.reddit.com/r/Irrigation/comments/1uzob32/fertilizer_injection_system_for_drip_irrigation/
F15,fertirrigacao,Fertigation guidance,Agriculture Victoria,Austrália,Equipe de extensão,https://agriculture.vic.gov.au/farm-management/water/irrigation/drip-irrigation/fertigation
F16,fertirrigacao,Choosing a fertigation decision support system,Irrigation Today,Estados Unidos,Autor técnico setorial,https://irrigationtoday.org/features/choosing-the-right-fertigation-decision-support-system-for-your-operation/
F17,fertirrigacao,Precision fertilization sensor review,Computers and Electronics in Agriculture,Internacional,Autores acadêmicos,https://www.sciencedirect.com/science/article/pii/S0168169924006112
F18,fertirrigacao,Hydroponic nutrient sensing review,Sensors,Internacional,Autores acadêmicos,https://res.mdpi.com/d_attachment/sensors/sensors-12-13349/article_deploy/sensors-12-13349.pdf
F19,fertirrigacao,Soil pH and electrical conductivity,University of Florida IFAS,Estados Unidos,Equipe de extensão,https://ask.ifas.ufl.edu/publication/SS118
F20,fertirrigacao,Nutrient variability in smart greenhouses review,Journal of Agriculture and Environment,Internacional,Autores acadêmicos,https://www.jame.or.kr/articles/article/JqNX/
F21,fertirrigacao,Fertimatic 9000,Fertimatic,Brasil,Fornecedor,https://www.fertimatic.com.br/
F22,fertirrigacao,Intelliferti completa,Intelliferti,Brasil,Fornecedor,https://intelliferti.com.br/intelliferti-completa/
F23,fertirrigacao,Controladores M100 e M300,Maxion Agrotec,Brasil,Fornecedor,https://maxionagrotec.com.br/produtos.html
F24,fertirrigacao,GrowSphere e Fertikit,Netafim,Brasil,Fornecedor,https://www.netafim.com.br/siteassets/growsphere---catalogo-tecnico.pdf
F25,fertirrigacao,NIDO Pro fertigation controllers,NIDO Pro,Internacional,Fornecedor,https://www.nidopro.com/
F26,fertirrigacao,Clogged drip emitters after fertilizer injection,Reddit,Estados Unidos provável,Pequeno usuário anônimo,https://www.reddit.com/r/gardening/comments/15mirrb
F27,fertirrigacao,NPK sensors question,Reddit,Internacional,Cultivadores hidropônicos anônimos,https://www.reddit.com/r/Hydroponics/comments/1d731zx/npk_sensors_question/
F28,fertirrigacao,Remote monitor with NPK sensor,Reddit,Internacional,Desenvolvedor anônimo,https://www.reddit.com/r/diyelectronics/comments/157yk98
F29,fertirrigacao,Fertilizers and agrochemicals via irrigation water,Embrapa,Brasil,Autores técnicos,https://www.infoteca.cnptia.embrapa.br/infoteca/bitstream/doc/1138582/1/Fertilizantes-e-agroquimicos-aplicados-via-agua-de-irrigacao-2021.pdf
F30,fertirrigacao,Fertigation handbook,FAO,Internacional,Autores técnicos,https://www.fao.org/4/a1336e/a1336e.pdf
